"MonitoringLocationIdentifier","State","MonitoringLocationName","MonitoringLocationTypeName","LatitudeMeasure","LongitudeMeasure"
"MDEQ_WQ_WQX-M24SELKW01","Montana","Selkirk Wetland S of Hwy 12, 40 ft d/s culvert","Wetland Palustrine-Shrub-Scrub",46.468674,-110.2254
"MDEQ_WQ_WQX-M24SELKW10","Montana","Selkirk Wetland inlet","Canal Irrigation",46.474945,-110.228535
"MDEQ_WQ_WQX-M24MUSSR09","Montana","Musselshell River about 400 yards downstream Hwy 191 bridge","River/Stream",46.4289,-109.8377
"MTVOLWQM_WQX-HAB-BAIRRES","Montana","Bair Reservoir near Checkerboard","Reservoir",46.579646,-110.56018
"MDEQ_WQ_WQX-M24SELKW07","Montana","Selkirk Wetland N pond with duck island","Wetland Palustrine Pond",46.473227,-110.225197
"MDEQ_WQ_WQX-M24SELKW03","Montana","Selkirk Wetland W end of open water next to muskrat lodge, S side of property","Wetland Palustrine-Emergent",46.471113,-110.22759
"MDEQ_WQ_WQX-M24SELKW02","Montana","Selkirk Wetland outlet N of road, S of berm","Wetland Palustrine-Emergent",46.469764,-110.225215
"MDEQ_WQ_WQX-M24MUSRW02","Montana","Musselshell River Wetland at Selkirk FAS","Wetland Palustrine-Emergent",46.46752,-110.22754
"MDEQ_WQ_WQX-M24MUSSR10","Montana","Musselshell River at Selkirk Fishing Access","River/Stream",46.46463,-110.22929
