"MonitoringLocationIdentifier","State","MonitoringLocationName","MonitoringLocationTypeName","LatitudeMeasure","LongitudeMeasure","AU_ID","AU_NAME","DrinkingWater_Use","Ecological_Use","FishConsumption_Use","Recreational_Use","Other_Use","Dist_to_AU_m"
"MTNWE-MM-10","Montana","Missouri River downstream from Great Falls Dams","River/Stream",47.58168,-111.06024,"MT41Q001_014","Missouri River","Not Supporting","Not Supporting",NA,"Not Supporting","Fully Supporting",0
"MTNWE-MM-9","Montana","Missouri River at Central Ave Bridge, upstream from Great Falls Reservoirs","River/Stream",47.50678,-111.31251,"MT41Q001_011","Missouri River","Not Supporting","Not Supporting",NA,"Fully Supporting","Fully Supporting",0
"MTVOLWQM_WQX-MO_CASCADE","Montana","Missouri River at Cascade FAS","River/Stream",47.28062,-111.69113,"MT41Q001_022","Missouri River","Fully Supporting","Not Supporting",NA,"Fully Supporting","Fully Supporting",0
"MTVOLWQM_WQX-MO_CRAIG","Montana","Missouri River side channel upstream from Lone Tree FAS","River/Stream",47.05415,-111.96701,"MT41Q001_021","Missouri River","Not Supporting","Not Supporting",NA,"Fully Supporting","Fully Supporting",0
"MTVOLWQM_WQX-MO_DEAR_US","Montana","Missouri River upstream confluence with Dearborn River","River/Stream",47.12819,-111.91174,"MT41Q001_021","Missouri River","Not Supporting","Not Supporting",NA,"Fully Supporting","Fully Supporting",0
"MTVOLWQM_WQX-MO_HARDY","Montana","Missouri River upstream of Sheep Creek at Hardy Bridge","River/Stream",47.16781,-111.83366,"MT41Q001_021","Missouri River","Not Supporting","Not Supporting",NA,"Fully Supporting","Fully Supporting",0
"MTVOLWQM_WQX-MO_LPPC_DS","Montana","Missouri River downstream confluence with Little Prickly Pear Creek","River/Stream",47.02345,-112.01523,"MT41Q001_021","Missouri River","Not Supporting","Not Supporting",NA,"Fully Supporting","Fully Supporting",0
"MDEQ_WQ_WQX-M12MISSR97","Montana","Missouri River just upstream Lone Tree Fishing Access","River/Stream",47.0563,-111.96747,"MT41Q001_021","Missouri River","Not Supporting","Not Supporting",NA,"Fully Supporting","Fully Supporting",0
"MDEQ_WQ_WQX-M12MISSR75","Montana","Missouri River at Cascade Fishing Access","River/Stream",47.28156,-111.68991,"MT41Q001_022","Missouri River","Fully Supporting","Not Supporting",NA,"Fully Supporting","Fully Supporting",0
"MDEQ_WQ_WQX-M12MISSR35","Montana","Missouri River at Ryan Dam reservoir","River/Stream",47.57811,-111.08309,"MT41Q001_013","Missouri River","Not Supporting","Not Supporting",NA,"Fully Supporting","Fully Supporting",0
"MDEQ_WQ_WQX-M12MISSR47","Montana","Missouri River just downstream of Black Eagle Dam Tailrace","River/Stream",47.52128,-111.25749,"MT41Q001_011","Missouri River","Not Supporting","Not Supporting",NA,"Fully Supporting","Fully Supporting",0
"MDEQ_WQ_WQX-M12MISSR45","Montana","Missouri River at North Mid Reservoir","River/Stream",47.53734,-111.22177,"MT41Q001_011","Missouri River","Not Supporting","Not Supporting",NA,"Fully Supporting","Fully Supporting",0
"MDEQ_WQ_WQX-M12MISSR40","Montana","Missouri River at upper reservoir (Ryan Dam)","River/Stream",47.55513,-111.14217,"MT41Q001_013","Missouri River","Not Supporting","Not Supporting",NA,"Fully Supporting","Fully Supporting",0
"MDEQ_WQ_WQX-M12MISSR20","Montana","Missouri River at Mountain Palace FAS","River/Stream",47.16259,-111.823733,"MT41Q001_021","Missouri River","Not Supporting","Not Supporting",NA,"Fully Supporting","Fully Supporting",0
"MDEQ_WQ_WQX-M12MISSR43","Montana","Missouri River at Rainbow Dam Tailrace","River/Stream",47.53405,-111.19879,"MT41Q001_013","Missouri River","Not Supporting","Not Supporting",NA,"Fully Supporting","Fully Supporting",0
"MDEQ_WQ_WQX-M12MISSR08","Montana","Missouri River near Morony Dam","River/Stream",47.58581,-111.06059,"MT41Q001_014","Missouri River","Not Supporting","Not Supporting",NA,"Not Supporting","Fully Supporting",0
"MDEQ_WQ_WQX-M12MISSR10","Montana","Missouri River near Loma, MT","River/Stream",47.91465,-110.49796,"MT41Q001_014","Missouri River","Not Supporting","Not Supporting",NA,"Not Supporting","Fully Supporting",0
"MDEQ_WQ_WQX-M12DRBNR01","Montana","Dearborn River at Hwy 287","River/Stream",47.198611,-112.093056,"MT41Q003_010","Dearborn River","Fully Supporting","Not Supporting",NA,"Not Assessed","Fully Supporting",0
"MDEQ_WQ_WQX-M12MISSR11","Montana","Missouri River at Pelican Point FAS","River/Stream",47.19972,-111.77513,"MT41Q001_022","Missouri River","Fully Supporting","Not Supporting",NA,"Fully Supporting","Fully Supporting",0
"MDEQ_WQ_WQX-M12MISSR06","Montana","Missouri River at Millegan Rd crossing in Ulm","River/Stream",47.43039,-111.50091,"MT41Q001_022","Missouri River","Fully Supporting","Not Supporting",NA,"Fully Supporting","Fully Supporting",0
"MDEQ_WQ_WQX-M12MISSR07","Montana","Missouri River upstream of Big Bend FAS","River/Stream",47.40202,-111.34716,"MT41Q001_022","Missouri River","Fully Supporting","Not Supporting",NA,"Fully Supporting","Fully Supporting",0
"MDEQ_WQ_WQX-M12MISSR12","Montana","Missouri River just upstream of Sun River confluence","River/Stream",47.49238,-111.3154,"MT41Q001_022","Missouri River","Fully Supporting","Not Supporting",NA,"Fully Supporting","Fully Supporting",0
"MDEQ_WQ_WQX-M12MISSR41","Montana","Missouri River downstream Cochrane Dam Turbine Discharge","River/Stream",47.55413,-111.14826,"MT41Q001_013","Missouri River","Not Supporting","Not Supporting",NA,"Fully Supporting","Fully Supporting",0
"MDEQ_WQ_WQX-M12MISSR38","Montana","Missouri River at Ryan Dam Tailrace","River/Stream",47.56662,-111.11597,"MT41Q001_013","Missouri River","Not Supporting","Not Supporting",NA,"Fully Supporting","Fully Supporting",0
"MDEQ_WQ_WQX-M12MISSR13","Montana","Missouri River at Fort Benton, at USGS gage","River/Stream",47.81744,-110.66698,"MT41Q001_014","Missouri River","Not Supporting","Not Supporting",NA,"Not Supporting","Fully Supporting",0
"MDEQ_WQ_WQX-M12MISSR15","Montana","Missouri River at Central Avenue bridge in Great Falls","River/Stream",47.5083,-111.3094,"MT41Q001_011","Missouri River","Not Supporting","Not Supporting",NA,"Fully Supporting","Fully Supporting",0
"MDEQ_WQ_WQX-M12DBRMF04","Montana","Dearborn River Middle Fork downhill from Hwy 200","River/Stream",47.0914,-112.3618,"MT41Q003_020","Middle Fork Dearborn River","Fully Supporting","Not Supporting",NA,"Fully Supporting","Fully Supporting",0
"MDEQ_WQ_WQX-M12MISSR42","Montana","Missouri River below Whitmore Ravine","River/Stream",47.53991,-111.18584,"MT41Q001_013","Missouri River","Not Supporting","Not Supporting",NA,"Fully Supporting","Fully Supporting",0
"MDEQ_WQ_WQX-M12DRBNR04","Montana","Dearborn River at HWY 287","River/Stream",47.19875,-112.095,"MT41Q003_010","Dearborn River","Fully Supporting","Not Supporting",NA,"Not Assessed","Fully Supporting",0
"MDEQ_WQ_WQX-M12MISSR16","Montana","Missouri River at White Bear FAS","River/Stream",47.433842,-111.290344,"MT41Q001_022","Missouri River","Fully Supporting","Not Supporting",NA,"Fully Supporting","Fully Supporting",0
"MDEQ_WQ_WQX-M12MISSR25","Montana","Missouri River at Rivers Edge Trail, left side","River/Stream",47.5216,-111.27334,"MT41Q001_011","Missouri River","Not Supporting","Not Supporting",NA,"Fully Supporting","Fully Supporting",0
"MDEQ_WQ_WQX-M12MISSR17","Montana","Missouri River at Big Bend FAS","River/Stream",47.38975,-111.3386,"MT41Q001_022","Missouri River","Fully Supporting","Not Supporting",NA,"Fully Supporting","Fully Supporting",0
"NARS_WQX-NRS_MT-10514","Montana","Missouri River","River/Stream",47.44836547,-111.3010562,"MT41Q001_022","Missouri River","Fully Supporting","Not Supporting",NA,"Fully Supporting","Fully Supporting",0
"NARS_WQX-NRS_MT-10297","Montana","Missouri River","River/Stream",47.4516107,-111.301288,"MT41Q001_022","Missouri River","Fully Supporting","Not Supporting",NA,"Fully Supporting","Fully Supporting",0
"NARS_WQX-NRS_MT-10285","Montana","Missouri River","River/Stream",47.41434672,-111.4986289,"MT41Q001_022","Missouri River","Fully Supporting","Not Supporting",NA,"Fully Supporting","Fully Supporting",0
"MDEQ_WQ_WQX-M12MISSR60","Montana","Missouri River at Fort Benton City Park","River/Stream",47.82005,-110.664,"MT41Q001_014","Missouri River","Not Supporting","Not Supporting",NA,"Not Supporting","Fully Supporting",0
"MDEQ_WQ_WQX-M12MISSR50","Montana","Missouri River at mid Cochrane Reservoir","River/Stream",47.55055,-111.158,"MT41Q001_013","Missouri River","Not Supporting","Not Supporting",NA,"Fully Supporting","Fully Supporting",0
